date,CPIAUCSL
2015-01-01,234.747
2015-01-02,234.747
2015-01-03,234.747
2015-01-04,234.747
2015-01-05,234.747
2015-01-06,234.747
2015-01-07,234.747
2015-01-08,234.747
2015-01-09,234.747
2015-01-10,234.747
2015-01-11,234.747
2015-01-12,234.747
2015-01-13,234.747
2015-01-14,234.747
2015-01-15,234.747
2015-01-16,234.747
2015-01-17,234.747
2015-01-18,234.747
2015-01-19,234.747
2015-01-20,234.747
2015-01-21,234.747
2015-01-22,234.747
2015-01-23,234.747
2015-01-24,234.747
2015-01-25,234.747
2015-01-26,234.747
2015-01-27,234.747
2015-01-28,234.747
2015-01-29,234.747
2015-01-30,234.747
2015-01-31,234.747
2015-02-01,235.342
2015-02-02,235.342
2015-02-03,235.342
2015-02-04,235.342
2015-02-05,235.342
2015-02-06,235.342
2015-02-07,235.342
2015-02-08,235.342
2015-02-09,235.342
2015-02-10,235.342
2015-02-11,235.342
2015-02-12,235.342
2015-02-13,235.342
2015-02-14,235.342
2015-02-15,235.342
2015-02-16,235.342
2015-02-17,235.342
2015-02-18,235.342
2015-02-19,235.342
2015-02-20,235.342
2015-02-21,235.342
2015-02-22,235.342
2015-02-23,235.342
2015-02-24,235.342
2015-02-25,235.342
2015-02-26,235.342
2015-02-27,235.342
2015-02-28,235.342
2015-03-01,235.976
2015-03-02,235.976
2015-03-03,235.976
2015-03-04,235.976
2015-03-05,235.976
2015-03-06,235.976
2015-03-07,235.976
2015-03-08,235.976
2015-03-09,235.976
2015-03-10,235.976
2015-03-11,235.976
2015-03-12,235.976
2015-03-13,235.976
2015-03-14,235.976
2015-03-15,235.976
2015-03-16,235.976
2015-03-17,235.976
2015-03-18,235.976
2015-03-19,235.976
2015-03-20,235.976
2015-03-21,235.976
2015-03-22,235.976
2015-03-23,235.976
2015-03-24,235.976
2015-03-25,235.976
2015-03-26,235.976
2015-03-27,235.976
2015-03-28,235.976
2015-03-29,235.976
2015-03-30,235.976
2015-03-31,235.976
2015-04-01,236.222
2015-04-02,236.222
2015-04-03,236.222
2015-04-04,236.222
2015-04-05,236.222
2015-04-06,236.222
2015-04-07,236.222
2015-04-08,236.222
2015-04-09,236.222
2015-04-10,236.222
2015-04-11,236.222
2015-04-12,236.222
2015-04-13,236.222
2015-04-14,236.222
2015-04-15,236.222
2015-04-16,236.222
2015-04-17,236.222
2015-04-18,236.222
2015-04-19,236.222
2015-04-20,236.222
2015-04-21,236.222
2015-04-22,236.222
2015-04-23,236.222
2015-04-24,236.222
2015-04-25,236.222
2015-04-26,236.222
2015-04-27,236.222
2015-04-28,236.222
2015-04-29,236.222
2015-04-30,236.222
2015-05-01,237.001
2015-05-02,237.001
2015-05-03,237.001
2015-05-04,237.001
2015-05-05,237.001
2015-05-06,237.001
2015-05-07,237.001
2015-05-08,237.001
2015-05-09,237.001
2015-05-10,237.001
2015-05-11,237.001
2015-05-12,237.001
2015-05-13,237.001
2015-05-14,237.001
2015-05-15,237.001
2015-05-16,237.001
2015-05-17,237.001
2015-05-18,237.001
2015-05-19,237.001
2015-05-20,237.001
2015-05-21,237.001
2015-05-22,237.001
2015-05-23,237.001
2015-05-24,237.001
2015-05-25,237.001
2015-05-26,237.001
2015-05-27,237.001
2015-05-28,237.001
2015-05-29,237.001
2015-05-30,237.001
2015-05-31,237.001
2015-06-01,237.657
2015-06-02,237.657
2015-06-03,237.657
2015-06-04,237.657
2015-06-05,237.657
2015-06-06,237.657
2015-06-07,237.657
2015-06-08,237.657
2015-06-09,237.657
2015-06-10,237.657
2015-06-11,237.657
2015-06-12,237.657
2015-06-13,237.657
2015-06-14,237.657
2015-06-15,237.657
2015-06-16,237.657
2015-06-17,237.657
2015-06-18,237.657
2015-06-19,237.657
2015-06-20,237.657
2015-06-21,237.657
2015-06-22,237.657
2015-06-23,237.657
2015-06-24,237.657
2015-06-25,237.657
2015-06-26,237.657
2015-06-27,237.657
2015-06-28,237.657
2015-06-29,237.657
2015-06-30,237.657
2015-07-01,238.034
2015-07-02,238.034
2015-07-03,238.034
2015-07-04,238.034
2015-07-05,238.034
2015-07-06,238.034
2015-07-07,238.034
2015-07-08,238.034
2015-07-09,238.034
2015-07-10,238.034
2015-07-11,238.034
2015-07-12,238.034
2015-07-13,238.034
2015-07-14,238.034
2015-07-15,238.034
2015-07-16,238.034
2015-07-17,238.034
2015-07-18,238.034
2015-07-19,238.034
2015-07-20,238.034
2015-07-21,238.034
2015-07-22,238.034
2015-07-23,238.034
2015-07-24,238.034
2015-07-25,238.034
2015-07-26,238.034
2015-07-27,238.034
2015-07-28,238.034
2015-07-29,238.034
2015-07-30,238.034
2015-07-31,238.034
2015-08-01,238.033
2015-08-02,238.033
2015-08-03,238.033
2015-08-04,238.033
2015-08-05,238.033
2015-08-06,238.033
2015-08-07,238.033
2015-08-08,238.033
2015-08-09,238.033
2015-08-10,238.033
2015-08-11,238.033
2015-08-12,238.033
2015-08-13,238.033
2015-08-14,238.033
2015-08-15,238.033
2015-08-16,238.033
2015-08-17,238.033
2015-08-18,238.033
2015-08-19,238.033
2015-08-20,238.033
2015-08-21,238.033
2015-08-22,238.033
2015-08-23,238.033
2015-08-24,238.033
2015-08-25,238.033
2015-08-26,238.033
2015-08-27,238.033
2015-08-28,238.033
2015-08-29,238.033
2015-08-30,238.033
2015-08-31,238.033
2015-09-01,237.498
2015-09-02,237.498
2015-09-03,237.498
2015-09-04,237.498
2015-09-05,237.498
2015-09-06,237.498
2015-09-07,237.498
2015-09-08,237.498
2015-09-09,237.498
2015-09-10,237.498
2015-09-11,237.498
2015-09-12,237.498
2015-09-13,237.498
2015-09-14,237.498
2015-09-15,237.498
2015-09-16,237.498
2015-09-17,237.498
2015-09-18,237.498
2015-09-19,237.498
2015-09-20,237.498
2015-09-21,237.498
2015-09-22,237.498
2015-09-23,237.498
2015-09-24,237.498
2015-09-25,237.498
2015-09-26,237.498
2015-09-27,237.498
2015-09-28,237.498
2015-09-29,237.498
2015-09-30,237.498
2015-10-01,237.733
2015-10-02,237.733
2015-10-03,237.733
2015-10-04,237.733
2015-10-05,237.733
2015-10-06,237.733
2015-10-07,237.733
2015-10-08,237.733
2015-10-09,237.733
2015-10-10,237.733
2015-10-11,237.733
2015-10-12,237.733
2015-10-13,237.733
2015-10-14,237.733
2015-10-15,237.733
2015-10-16,237.733
2015-10-17,237.733
2015-10-18,237.733
2015-10-19,237.733
2015-10-20,237.733
2015-10-21,237.733
2015-10-22,237.733
2015-10-23,237.733
2015-10-24,237.733
2015-10-25,237.733
2015-10-26,237.733
2015-10-27,237.733
2015-10-28,237.733
2015-10-29,237.733
2015-10-30,237.733
2015-10-31,237.733
2015-11-01,238.017
2015-11-02,238.017
2015-11-03,238.017
2015-11-04,238.017
2015-11-05,238.017
2015-11-06,238.017
2015-11-07,238.017
2015-11-08,238.017
2015-11-09,238.017
2015-11-10,238.017
2015-11-11,238.017
2015-11-12,238.017
2015-11-13,238.017
2015-11-14,238.017
2015-11-15,238.017
2015-11-16,238.017
2015-11-17,238.017
2015-11-18,238.017
2015-11-19,238.017
2015-11-20,238.017
2015-11-21,238.017
2015-11-22,238.017
2015-11-23,238.017
2015-11-24,238.017
2015-11-25,238.017
2015-11-26,238.017
2015-11-27,238.017
2015-11-28,238.017
2015-11-29,238.017
2015-11-30,238.017
2015-12-01,237.761
2015-12-02,237.761
2015-12-03,237.761
2015-12-04,237.761
2015-12-05,237.761
2015-12-06,237.761
2015-12-07,237.761
2015-12-08,237.761
2015-12-09,237.761
2015-12-10,237.761
2015-12-11,237.761
2015-12-12,237.761
2015-12-13,237.761
2015-12-14,237.761
2015-12-15,237.761
2015-12-16,237.761
2015-12-17,237.761
2015-12-18,237.761
2015-12-19,237.761
2015-12-20,237.761
2015-12-21,237.761
2015-12-22,237.761
2015-12-23,237.761
2015-12-24,237.761
2015-12-25,237.761
2015-12-26,237.761
2015-12-27,237.761
2015-12-28,237.761
2015-12-29,237.761
2015-12-30,237.761
2015-12-31,237.761
2016-01-01,237.652
2016-01-02,237.652
2016-01-03,237.652
2016-01-04,237.652
2016-01-05,237.652
2016-01-06,237.652
2016-01-07,237.652
2016-01-08,237.652
2016-01-09,237.652
2016-01-10,237.652
2016-01-11,237.652
2016-01-12,237.652
2016-01-13,237.652
2016-01-14,237.652
2016-01-15,237.652
2016-01-16,237.652
2016-01-17,237.652
2016-01-18,237.652
2016-01-19,237.652
2016-01-20,237.652
2016-01-21,237.652
2016-01-22,237.652
2016-01-23,237.652
2016-01-24,237.652
2016-01-25,237.652
2016-01-26,237.652
2016-01-27,237.652
2016-01-28,237.652
2016-01-29,237.652
2016-01-30,237.652
2016-01-31,237.652
2016-02-01,237.336
2016-02-02,237.336
2016-02-03,237.336
2016-02-04,237.336
2016-02-05,237.336
2016-02-06,237.336
2016-02-07,237.336
2016-02-08,237.336
2016-02-09,237.336
2016-02-10,237.336
2016-02-11,237.336
2016-02-12,237.336
2016-02-13,237.336
2016-02-14,237.336
2016-02-15,237.336
2016-02-16,237.336
2016-02-17,237.336
2016-02-18,237.336
2016-02-19,237.336
2016-02-20,237.336
2016-02-21,237.336
2016-02-22,237.336
2016-02-23,237.336
2016-02-24,237.336
2016-02-25,237.336
2016-02-26,237.336
2016-02-27,237.336
2016-02-28,237.336
2016-02-29,237.336
2016-03-01,238.08
2016-03-02,238.08
2016-03-03,238.08
2016-03-04,238.08
2016-03-05,238.08
2016-03-06,238.08
2016-03-07,238.08
2016-03-08,238.08
2016-03-09,238.08
2016-03-10,238.08
2016-03-11,238.08
2016-03-12,238.08
2016-03-13,238.08
2016-03-14,238.08
2016-03-15,238.08
2016-03-16,238.08
2016-03-17,238.08
2016-03-18,238.08
2016-03-19,238.08
2016-03-20,238.08
2016-03-21,238.08
2016-03-22,238.08
2016-03-23,238.08
2016-03-24,238.08
2016-03-25,238.08
2016-03-26,238.08
2016-03-27,238.08
2016-03-28,238.08
2016-03-29,238.08
2016-03-30,238.08
2016-03-31,238.08
2016-04-01,238.992
2016-04-02,238.992
2016-04-03,238.992
2016-04-04,238.992
2016-04-05,238.992
2016-04-06,238.992
2016-04-07,238.992
2016-04-08,238.992
2016-04-09,238.992
2016-04-10,238.992
2016-04-11,238.992
2016-04-12,238.992
2016-04-13,238.992
2016-04-14,238.992
2016-04-15,238.992
2016-04-16,238.992
2016-04-17,238.992
2016-04-18,238.992
2016-04-19,238.992
2016-04-20,238.992
2016-04-21,238.992
2016-04-22,238.992
2016-04-23,238.992
2016-04-24,238.992
2016-04-25,238.992
2016-04-26,238.992
2016-04-27,238.992
2016-04-28,238.992
2016-04-29,238.992
2016-04-30,238.992
2016-05-01,239.557
2016-05-02,239.557
2016-05-03,239.557
2016-05-04,239.557
2016-05-05,239.557
2016-05-06,239.557
2016-05-07,239.557
2016-05-08,239.557
2016-05-09,239.557
2016-05-10,239.557
2016-05-11,239.557
2016-05-12,239.557
2016-05-13,239.557
2016-05-14,239.557
2016-05-15,239.557
2016-05-16,239.557
2016-05-17,239.557
2016-05-18,239.557
2016-05-19,239.557
2016-05-20,239.557
2016-05-21,239.557
2016-05-22,239.557
2016-05-23,239.557
2016-05-24,239.557
2016-05-25,239.557
2016-05-26,239.557
2016-05-27,239.557
2016-05-28,239.557
2016-05-29,239.557
2016-05-30,239.557
2016-05-31,239.557
2016-06-01,240.222
2016-06-02,240.222
2016-06-03,240.222
2016-06-04,240.222
2016-06-05,240.222
2016-06-06,240.222
2016-06-07,240.222
2016-06-08,240.222
2016-06-09,240.222
2016-06-10,240.222
2016-06-11,240.222
2016-06-12,240.222
2016-06-13,240.222
2016-06-14,240.222
2016-06-15,240.222
2016-06-16,240.222
2016-06-17,240.222
2016-06-18,240.222
2016-06-19,240.222
2016-06-20,240.222
2016-06-21,240.222
2016-06-22,240.222
2016-06-23,240.222
2016-06-24,240.222
2016-06-25,240.222
2016-06-26,240.222
2016-06-27,240.222
2016-06-28,240.222
2016-06-29,240.222
2016-06-30,240.222
2016-07-01,240.101
2016-07-02,240.101
2016-07-03,240.101
2016-07-04,240.101
2016-07-05,240.101
2016-07-06,240.101
2016-07-07,240.101
2016-07-08,240.101
2016-07-09,240.101
2016-07-10,240.101
2016-07-11,240.101
2016-07-12,240.101
2016-07-13,240.101
2016-07-14,240.101
2016-07-15,240.101
2016-07-16,240.101
2016-07-17,240.101
2016-07-18,240.101
2016-07-19,240.101
2016-07-20,240.101
2016-07-21,240.101
2016-07-22,240.101
2016-07-23,240.101
2016-07-24,240.101
2016-07-25,240.101
2016-07-26,240.101
2016-07-27,240.101
2016-07-28,240.101
2016-07-29,240.101
2016-07-30,240.101
2016-07-31,240.101
2016-08-01,240.545
2016-08-02,240.545
2016-08-03,240.545
2016-08-04,240.545
2016-08-05,240.545
2016-08-06,240.545
2016-08-07,240.545
2016-08-08,240.545
2016-08-09,240.545
2016-08-10,240.545
2016-08-11,240.545
2016-08-12,240.545
2016-08-13,240.545
2016-08-14,240.545
2016-08-15,240.545
2016-08-16,240.545
2016-08-17,240.545
2016-08-18,240.545
2016-08-19,240.545
2016-08-20,240.545
2016-08-21,240.545
2016-08-22,240.545
2016-08-23,240.545
2016-08-24,240.545
2016-08-25,240.545
2016-08-26,240.545
2016-08-27,240.545
2016-08-28,240.545
2016-08-29,240.545
2016-08-30,240.545
2016-08-31,240.545
2016-09-01,241.176
2016-09-02,241.176
2016-09-03,241.176
2016-09-04,241.176
2016-09-05,241.176
2016-09-06,241.176
2016-09-07,241.176
2016-09-08,241.176
2016-09-09,241.176
2016-09-10,241.176
2016-09-11,241.176
2016-09-12,241.176
2016-09-13,241.176
2016-09-14,241.176
2016-09-15,241.176
2016-09-16,241.176
2016-09-17,241.176
2016-09-18,241.176
2016-09-19,241.176
2016-09-20,241.176
2016-09-21,241.176
2016-09-22,241.176
2016-09-23,241.176
2016-09-24,241.176
2016-09-25,241.176
2016-09-26,241.176
2016-09-27,241.176
2016-09-28,241.176
2016-09-29,241.176
2016-09-30,241.176
2016-10-01,241.741
2016-10-02,241.741
2016-10-03,241.741
2016-10-04,241.741
2016-10-05,241.741
2016-10-06,241.741
2016-10-07,241.741
2016-10-08,241.741
2016-10-09,241.741
2016-10-10,241.741
2016-10-11,241.741
2016-10-12,241.741
2016-10-13,241.741
2016-10-14,241.741
2016-10-15,241.741
2016-10-16,241.741
2016-10-17,241.741
2016-10-18,241.741
2016-10-19,241.741
2016-10-20,241.741
2016-10-21,241.741
2016-10-22,241.741
2016-10-23,241.741
2016-10-24,241.741
2016-10-25,241.741
2016-10-26,241.741
2016-10-27,241.741
2016-10-28,241.741
2016-10-29,241.741
2016-10-30,241.741
2016-10-31,241.741
2016-11-01,242.026
2016-11-02,242.026
2016-11-03,242.026
2016-11-04,242.026
2016-11-05,242.026
2016-11-06,242.026
2016-11-07,242.026
2016-11-08,242.026
2016-11-09,242.026
2016-11-10,242.026
2016-11-11,242.026
2016-11-12,242.026
2016-11-13,242.026
2016-11-14,242.026
2016-11-15,242.026
2016-11-16,242.026
2016-11-17,242.026
2016-11-18,242.026
2016-11-19,242.026
2016-11-20,242.026
2016-11-21,242.026
2016-11-22,242.026
2016-11-23,242.026
2016-11-24,242.026
2016-11-25,242.026
2016-11-26,242.026
2016-11-27,242.026
2016-11-28,242.026
2016-11-29,242.026
2016-11-30,242.026
2016-12-01,242.637
2016-12-02,242.637
2016-12-03,242.637
2016-12-04,242.637
2016-12-05,242.637
2016-12-06,242.637
2016-12-07,242.637
2016-12-08,242.637
2016-12-09,242.637
2016-12-10,242.637
2016-12-11,242.637
2016-12-12,242.637
2016-12-13,242.637
2016-12-14,242.637
2016-12-15,242.637
2016-12-16,242.637
2016-12-17,242.637
2016-12-18,242.637
2016-12-19,242.637
2016-12-20,242.637
2016-12-21,242.637
2016-12-22,242.637
2016-12-23,242.637
2016-12-24,242.637
2016-12-25,242.637
2016-12-26,242.637
2016-12-27,242.637
2016-12-28,242.637
2016-12-29,242.637
2016-12-30,242.637
2016-12-31,242.637
2017-01-01,243.618
2017-01-02,243.618
2017-01-03,243.618
2017-01-04,243.618
2017-01-05,243.618
2017-01-06,243.618
2017-01-07,243.618
2017-01-08,243.618
2017-01-09,243.618
2017-01-10,243.618
2017-01-11,243.618
2017-01-12,243.618
2017-01-13,243.618
2017-01-14,243.618
2017-01-15,243.618
2017-01-16,243.618
2017-01-17,243.618
2017-01-18,243.618
2017-01-19,243.618
2017-01-20,243.618
2017-01-21,243.618
2017-01-22,243.618
2017-01-23,243.618
2017-01-24,243.618
2017-01-25,243.618
2017-01-26,243.618
2017-01-27,243.618
2017-01-28,243.618
2017-01-29,243.618
2017-01-30,243.618
2017-01-31,243.618
2017-02-01,244.006
2017-02-02,244.006
2017-02-03,244.006
2017-02-04,244.006
2017-02-05,244.006
2017-02-06,244.006
2017-02-07,244.006
2017-02-08,244.006
2017-02-09,244.006
2017-02-10,244.006
2017-02-11,244.006
2017-02-12,244.006
2017-02-13,244.006
2017-02-14,244.006
2017-02-15,244.006
2017-02-16,244.006
2017-02-17,244.006
2017-02-18,244.006
2017-02-19,244.006
2017-02-20,244.006
2017-02-21,244.006
2017-02-22,244.006
2017-02-23,244.006
2017-02-24,244.006
2017-02-25,244.006
2017-02-26,244.006
2017-02-27,244.006
2017-02-28,244.006
2017-03-01,243.892
2017-03-02,243.892
2017-03-03,243.892
2017-03-04,243.892
2017-03-05,243.892
2017-03-06,243.892
2017-03-07,243.892
2017-03-08,243.892
2017-03-09,243.892
2017-03-10,243.892
2017-03-11,243.892
2017-03-12,243.892
2017-03-13,243.892
2017-03-14,243.892
2017-03-15,243.892
2017-03-16,243.892
2017-03-17,243.892
2017-03-18,243.892
2017-03-19,243.892
2017-03-20,243.892
2017-03-21,243.892
2017-03-22,243.892
2017-03-23,243.892
2017-03-24,243.892
2017-03-25,243.892
2017-03-26,243.892
2017-03-27,243.892
2017-03-28,243.892
2017-03-29,243.892
2017-03-30,243.892
2017-03-31,243.892
2017-04-01,244.193
2017-04-02,244.193
2017-04-03,244.193
2017-04-04,244.193
2017-04-05,244.193
2017-04-06,244.193
2017-04-07,244.193
2017-04-08,244.193
2017-04-09,244.193
2017-04-10,244.193
2017-04-11,244.193
2017-04-12,244.193
2017-04-13,244.193
2017-04-14,244.193
2017-04-15,244.193
2017-04-16,244.193
2017-04-17,244.193
2017-04-18,244.193
2017-04-19,244.193
2017-04-20,244.193
2017-04-21,244.193
2017-04-22,244.193
2017-04-23,244.193
2017-04-24,244.193
2017-04-25,244.193
2017-04-26,244.193
2017-04-27,244.193
2017-04-28,244.193
2017-04-29,244.193
2017-04-30,244.193
2017-05-01,244.004
2017-05-02,244.004
2017-05-03,244.004
2017-05-04,244.004
2017-05-05,244.004
2017-05-06,244.004
2017-05-07,244.004
2017-05-08,244.004
2017-05-09,244.004
2017-05-10,244.004
2017-05-11,244.004
2017-05-12,244.004
2017-05-13,244.004
2017-05-14,244.004
2017-05-15,244.004
2017-05-16,244.004
2017-05-17,244.004
2017-05-18,244.004
2017-05-19,244.004
2017-05-20,244.004
2017-05-21,244.004
2017-05-22,244.004
2017-05-23,244.004
2017-05-24,244.004
2017-05-25,244.004
2017-05-26,244.004
2017-05-27,244.004
2017-05-28,244.004
2017-05-29,244.004
2017-05-30,244.004
2017-05-31,244.004
2017-06-01,244.163
2017-06-02,244.163
2017-06-03,244.163
2017-06-04,244.163
2017-06-05,244.163
2017-06-06,244.163
2017-06-07,244.163
2017-06-08,244.163
2017-06-09,244.163
2017-06-10,244.163
2017-06-11,244.163
2017-06-12,244.163
2017-06-13,244.163
2017-06-14,244.163
2017-06-15,244.163
2017-06-16,244.163
2017-06-17,244.163
2017-06-18,244.163
2017-06-19,244.163
2017-06-20,244.163
2017-06-21,244.163
2017-06-22,244.163
2017-06-23,244.163
2017-06-24,244.163
2017-06-25,244.163
2017-06-26,244.163
2017-06-27,244.163
2017-06-28,244.163
2017-06-29,244.163
2017-06-30,244.163
2017-07-01,244.243
2017-07-02,244.243
2017-07-03,244.243
2017-07-04,244.243
2017-07-05,244.243
2017-07-06,244.243
2017-07-07,244.243
2017-07-08,244.243
2017-07-09,244.243
2017-07-10,244.243
2017-07-11,244.243
2017-07-12,244.243
2017-07-13,244.243
2017-07-14,244.243
2017-07-15,244.243
2017-07-16,244.243
2017-07-17,244.243
2017-07-18,244.243
2017-07-19,244.243
2017-07-20,244.243
2017-07-21,244.243
2017-07-22,244.243
2017-07-23,244.243
2017-07-24,244.243
2017-07-25,244.243
2017-07-26,244.243
2017-07-27,244.243
2017-07-28,244.243
2017-07-29,244.243
2017-07-30,244.243
2017-07-31,244.243
2017-08-01,245.183
2017-08-02,245.183
2017-08-03,245.183
2017-08-04,245.183
2017-08-05,245.183
2017-08-06,245.183
2017-08-07,245.183
2017-08-08,245.183
2017-08-09,245.183
2017-08-10,245.183
2017-08-11,245.183
2017-08-12,245.183
2017-08-13,245.183
2017-08-14,245.183
2017-08-15,245.183
2017-08-16,245.183
2017-08-17,245.183
2017-08-18,245.183
2017-08-19,245.183
2017-08-20,245.183
2017-08-21,245.183
2017-08-22,245.183
2017-08-23,245.183
2017-08-24,245.183
2017-08-25,245.183
2017-08-26,245.183
2017-08-27,245.183
2017-08-28,245.183
2017-08-29,245.183
2017-08-30,245.183
2017-08-31,245.183
2017-09-01,246.435
2017-09-02,246.435
2017-09-03,246.435
2017-09-04,246.435
2017-09-05,246.435
2017-09-06,246.435
2017-09-07,246.435
2017-09-08,246.435
2017-09-09,246.435
2017-09-10,246.435
2017-09-11,246.435
2017-09-12,246.435
2017-09-13,246.435
2017-09-14,246.435
2017-09-15,246.435
2017-09-16,246.435
2017-09-17,246.435
2017-09-18,246.435
2017-09-19,246.435
2017-09-20,246.435
2017-09-21,246.435
2017-09-22,246.435
2017-09-23,246.435
2017-09-24,246.435
2017-09-25,246.435
2017-09-26,246.435
2017-09-27,246.435
2017-09-28,246.435
2017-09-29,246.435
2017-09-30,246.435
2017-10-01,246.626
2017-10-02,246.626
2017-10-03,246.626
2017-10-04,246.626
2017-10-05,246.626
2017-10-06,246.626
2017-10-07,246.626
2017-10-08,246.626
2017-10-09,246.626
2017-10-10,246.626
2017-10-11,246.626
2017-10-12,246.626
2017-10-13,246.626
2017-10-14,246.626
2017-10-15,246.626
2017-10-16,246.626
2017-10-17,246.626
2017-10-18,246.626
2017-10-19,246.626
2017-10-20,246.626
2017-10-21,246.626
2017-10-22,246.626
2017-10-23,246.626
2017-10-24,246.626
2017-10-25,246.626
2017-10-26,246.626
2017-10-27,246.626
2017-10-28,246.626
2017-10-29,246.626
2017-10-30,246.626
2017-10-31,246.626
2017-11-01,247.284
2017-11-02,247.284
2017-11-03,247.284
2017-11-04,247.284
2017-11-05,247.284
2017-11-06,247.284
2017-11-07,247.284
2017-11-08,247.284
2017-11-09,247.284
2017-11-10,247.284
2017-11-11,247.284
2017-11-12,247.284
2017-11-13,247.284
2017-11-14,247.284
2017-11-15,247.284
2017-11-16,247.284
2017-11-17,247.284
2017-11-18,247.284
2017-11-19,247.284
2017-11-20,247.284
2017-11-21,247.284
2017-11-22,247.284
2017-11-23,247.284
2017-11-24,247.284
2017-11-25,247.284
2017-11-26,247.284
2017-11-27,247.284
2017-11-28,247.284
2017-11-29,247.284
2017-11-30,247.284
2017-12-01,247.805
2017-12-02,247.805
2017-12-03,247.805
2017-12-04,247.805
2017-12-05,247.805
2017-12-06,247.805
2017-12-07,247.805
2017-12-08,247.805
2017-12-09,247.805
2017-12-10,247.805
2017-12-11,247.805
2017-12-12,247.805
2017-12-13,247.805
2017-12-14,247.805
2017-12-15,247.805
2017-12-16,247.805
2017-12-17,247.805
2017-12-18,247.805
2017-12-19,247.805
2017-12-20,247.805
2017-12-21,247.805
2017-12-22,247.805
2017-12-23,247.805
2017-12-24,247.805
2017-12-25,247.805
2017-12-26,247.805
2017-12-27,247.805
2017-12-28,247.805
2017-12-29,247.805
2017-12-30,247.805
2017-12-31,247.805
2018-01-01,248.859
2018-01-02,248.859
2018-01-03,248.859
2018-01-04,248.859
2018-01-05,248.859
2018-01-06,248.859
2018-01-07,248.859
2018-01-08,248.859
2018-01-09,248.859
2018-01-10,248.859
2018-01-11,248.859
2018-01-12,248.859
2018-01-13,248.859
2018-01-14,248.859
2018-01-15,248.859
2018-01-16,248.859
2018-01-17,248.859
2018-01-18,248.859
2018-01-19,248.859
2018-01-20,248.859
2018-01-21,248.859
2018-01-22,248.859
2018-01-23,248.859
2018-01-24,248.859
2018-01-25,248.859
2018-01-26,248.859
2018-01-27,248.859
2018-01-28,248.859
2018-01-29,248.859
2018-01-30,248.859
2018-01-31,248.859
2018-02-01,249.529
2018-02-02,249.529
2018-02-03,249.529
2018-02-04,249.529
2018-02-05,249.529
2018-02-06,249.529
2018-02-07,249.529
2018-02-08,249.529
2018-02-09,249.529
2018-02-10,249.529
2018-02-11,249.529
2018-02-12,249.529
2018-02-13,249.529
2018-02-14,249.529
2018-02-15,249.529
2018-02-16,249.529
2018-02-17,249.529
2018-02-18,249.529
2018-02-19,249.529
2018-02-20,249.529
2018-02-21,249.529
2018-02-22,249.529
2018-02-23,249.529
2018-02-24,249.529
2018-02-25,249.529
2018-02-26,249.529
2018-02-27,249.529
2018-02-28,249.529
2018-03-01,249.577
2018-03-02,249.577
2018-03-03,249.577
2018-03-04,249.577
2018-03-05,249.577
2018-03-06,249.577
2018-03-07,249.577
2018-03-08,249.577
2018-03-09,249.577
2018-03-10,249.577
2018-03-11,249.577
2018-03-12,249.577
2018-03-13,249.577
2018-03-14,249.577
2018-03-15,249.577
2018-03-16,249.577
2018-03-17,249.577
2018-03-18,249.577
2018-03-19,249.577
2018-03-20,249.577
2018-03-21,249.577
2018-03-22,249.577
2018-03-23,249.577
2018-03-24,249.577
2018-03-25,249.577
2018-03-26,249.577
2018-03-27,249.577
2018-03-28,249.577
2018-03-29,249.577
2018-03-30,249.577
2018-03-31,249.577
2018-04-01,250.227
2018-04-02,250.227
2018-04-03,250.227
2018-04-04,250.227
2018-04-05,250.227
2018-04-06,250.227
2018-04-07,250.227
2018-04-08,250.227
2018-04-09,250.227
2018-04-10,250.227
2018-04-11,250.227
2018-04-12,250.227
2018-04-13,250.227
2018-04-14,250.227
2018-04-15,250.227
2018-04-16,250.227
2018-04-17,250.227
2018-04-18,250.227
2018-04-19,250.227
2018-04-20,250.227
2018-04-21,250.227
2018-04-22,250.227
2018-04-23,250.227
2018-04-24,250.227
2018-04-25,250.227
2018-04-26,250.227
2018-04-27,250.227
2018-04-28,250.227
2018-04-29,250.227
2018-04-30,250.227
2018-05-01,250.792
2018-05-02,250.792
2018-05-03,250.792
2018-05-04,250.792
2018-05-05,250.792
2018-05-06,250.792
2018-05-07,250.792
2018-05-08,250.792
2018-05-09,250.792
2018-05-10,250.792
2018-05-11,250.792
2018-05-12,250.792
2018-05-13,250.792
2018-05-14,250.792
2018-05-15,250.792
2018-05-16,250.792
2018-05-17,250.792
2018-05-18,250.792
2018-05-19,250.792
2018-05-20,250.792
2018-05-21,250.792
2018-05-22,250.792
2018-05-23,250.792
2018-05-24,250.792
2018-05-25,250.792
2018-05-26,250.792
2018-05-27,250.792
2018-05-28,250.792
2018-05-29,250.792
2018-05-30,250.792
2018-05-31,250.792
2018-06-01,251.018
2018-06-02,251.018
2018-06-03,251.018
2018-06-04,251.018
2018-06-05,251.018
2018-06-06,251.018
2018-06-07,251.018
2018-06-08,251.018
2018-06-09,251.018
2018-06-10,251.018
2018-06-11,251.018
2018-06-12,251.018
2018-06-13,251.018
2018-06-14,251.018
2018-06-15,251.018
2018-06-16,251.018
2018-06-17,251.018
2018-06-18,251.018
2018-06-19,251.018
2018-06-20,251.018
2018-06-21,251.018
2018-06-22,251.018
2018-06-23,251.018
2018-06-24,251.018
2018-06-25,251.018
2018-06-26,251.018
2018-06-27,251.018
2018-06-28,251.018
2018-06-29,251.018
2018-06-30,251.018
2018-07-01,251.214
2018-07-02,251.214
2018-07-03,251.214
2018-07-04,251.214
2018-07-05,251.214
2018-07-06,251.214
2018-07-07,251.214
2018-07-08,251.214
2018-07-09,251.214
2018-07-10,251.214
2018-07-11,251.214
2018-07-12,251.214
2018-07-13,251.214
2018-07-14,251.214
2018-07-15,251.214
2018-07-16,251.214
2018-07-17,251.214
2018-07-18,251.214
2018-07-19,251.214
2018-07-20,251.214
2018-07-21,251.214
2018-07-22,251.214
2018-07-23,251.214
2018-07-24,251.214
2018-07-25,251.214
2018-07-26,251.214
2018-07-27,251.214
2018-07-28,251.214
2018-07-29,251.214
2018-07-30,251.214
2018-07-31,251.214
2018-08-01,251.663
2018-08-02,251.663
2018-08-03,251.663
2018-08-04,251.663
2018-08-05,251.663
2018-08-06,251.663
2018-08-07,251.663
2018-08-08,251.663
2018-08-09,251.663
2018-08-10,251.663
2018-08-11,251.663
2018-08-12,251.663
2018-08-13,251.663
2018-08-14,251.663
2018-08-15,251.663
2018-08-16,251.663
2018-08-17,251.663
2018-08-18,251.663
2018-08-19,251.663
2018-08-20,251.663
2018-08-21,251.663
2018-08-22,251.663
2018-08-23,251.663
2018-08-24,251.663
2018-08-25,251.663
2018-08-26,251.663
2018-08-27,251.663
2018-08-28,251.663
2018-08-29,251.663
2018-08-30,251.663
2018-08-31,251.663
2018-09-01,252.182
2018-09-02,252.182
2018-09-03,252.182
2018-09-04,252.182
2018-09-05,252.182
2018-09-06,252.182
2018-09-07,252.182
2018-09-08,252.182
2018-09-09,252.182
2018-09-10,252.182
2018-09-11,252.182
2018-09-12,252.182
2018-09-13,252.182
2018-09-14,252.182
2018-09-15,252.182
2018-09-16,252.182
2018-09-17,252.182
2018-09-18,252.182
2018-09-19,252.182
2018-09-20,252.182
2018-09-21,252.182
2018-09-22,252.182
2018-09-23,252.182
2018-09-24,252.182
2018-09-25,252.182
2018-09-26,252.182
2018-09-27,252.182
2018-09-28,252.182
2018-09-29,252.182
2018-09-30,252.182
2018-10-01,252.772
2018-10-02,252.772
2018-10-03,252.772
2018-10-04,252.772
2018-10-05,252.772
2018-10-06,252.772
2018-10-07,252.772
2018-10-08,252.772
2018-10-09,252.772
2018-10-10,252.772
2018-10-11,252.772
2018-10-12,252.772
2018-10-13,252.772
2018-10-14,252.772
2018-10-15,252.772
2018-10-16,252.772
2018-10-17,252.772
2018-10-18,252.772
2018-10-19,252.772
2018-10-20,252.772
2018-10-21,252.772
2018-10-22,252.772
2018-10-23,252.772
2018-10-24,252.772
2018-10-25,252.772
2018-10-26,252.772
2018-10-27,252.772
2018-10-28,252.772
2018-10-29,252.772
2018-10-30,252.772
2018-10-31,252.772
2018-11-01,252.594
2018-11-02,252.594
2018-11-03,252.594
2018-11-04,252.594
2018-11-05,252.594
2018-11-06,252.594
2018-11-07,252.594
2018-11-08,252.594
2018-11-09,252.594
2018-11-10,252.594
2018-11-11,252.594
2018-11-12,252.594
2018-11-13,252.594
2018-11-14,252.594
2018-11-15,252.594
2018-11-16,252.594
2018-11-17,252.594
2018-11-18,252.594
2018-11-19,252.594
2018-11-20,252.594
2018-11-21,252.594
2018-11-22,252.594
2018-11-23,252.594
2018-11-24,252.594
2018-11-25,252.594
2018-11-26,252.594
2018-11-27,252.594
2018-11-28,252.594
2018-11-29,252.594
2018-11-30,252.594
2018-12-01,252.767
2018-12-02,252.767
2018-12-03,252.767
2018-12-04,252.767
2018-12-05,252.767
2018-12-06,252.767
2018-12-07,252.767
2018-12-08,252.767
2018-12-09,252.767
2018-12-10,252.767
2018-12-11,252.767
2018-12-12,252.767
2018-12-13,252.767
2018-12-14,252.767
2018-12-15,252.767
2018-12-16,252.767
2018-12-17,252.767
2018-12-18,252.767
2018-12-19,252.767
2018-12-20,252.767
2018-12-21,252.767
2018-12-22,252.767
2018-12-23,252.767
2018-12-24,252.767
2018-12-25,252.767
2018-12-26,252.767
2018-12-27,252.767
2018-12-28,252.767
2018-12-29,252.767
2018-12-30,252.767
2018-12-31,252.767
2019-01-01,252.561
2019-01-02,252.561
2019-01-03,252.561
2019-01-04,252.561
2019-01-05,252.561
2019-01-06,252.561
2019-01-07,252.561
2019-01-08,252.561
2019-01-09,252.561
2019-01-10,252.561
2019-01-11,252.561
2019-01-12,252.561
2019-01-13,252.561
2019-01-14,252.561
2019-01-15,252.561
2019-01-16,252.561
2019-01-17,252.561
2019-01-18,252.561
2019-01-19,252.561
2019-01-20,252.561
2019-01-21,252.561
2019-01-22,252.561
2019-01-23,252.561
2019-01-24,252.561
2019-01-25,252.561
2019-01-26,252.561
2019-01-27,252.561
2019-01-28,252.561
2019-01-29,252.561
2019-01-30,252.561
2019-01-31,252.561
2019-02-01,253.319
2019-02-02,253.319
2019-02-03,253.319
2019-02-04,253.319
2019-02-05,253.319
2019-02-06,253.319
2019-02-07,253.319
2019-02-08,253.319
2019-02-09,253.319
2019-02-10,253.319
2019-02-11,253.319
2019-02-12,253.319
2019-02-13,253.319
2019-02-14,253.319
2019-02-15,253.319
2019-02-16,253.319
2019-02-17,253.319
2019-02-18,253.319
2019-02-19,253.319
2019-02-20,253.319
2019-02-21,253.319
2019-02-22,253.319
2019-02-23,253.319
2019-02-24,253.319
2019-02-25,253.319
2019-02-26,253.319
2019-02-27,253.319
2019-02-28,253.319
2019-03-01,254.277
2019-03-02,254.277
2019-03-03,254.277
2019-03-04,254.277
2019-03-05,254.277
2019-03-06,254.277
2019-03-07,254.277
2019-03-08,254.277
2019-03-09,254.277
2019-03-10,254.277
2019-03-11,254.277
2019-03-12,254.277
2019-03-13,254.277
2019-03-14,254.277
2019-03-15,254.277
2019-03-16,254.277
2019-03-17,254.277
2019-03-18,254.277
2019-03-19,254.277
2019-03-20,254.277
2019-03-21,254.277
2019-03-22,254.277
2019-03-23,254.277
2019-03-24,254.277
2019-03-25,254.277
2019-03-26,254.277
2019-03-27,254.277
2019-03-28,254.277
2019-03-29,254.277
2019-03-30,254.277
2019-03-31,254.277
2019-04-01,255.233
2019-04-02,255.233
2019-04-03,255.233
2019-04-04,255.233
2019-04-05,255.233
2019-04-06,255.233
2019-04-07,255.233
2019-04-08,255.233
2019-04-09,255.233
2019-04-10,255.233
2019-04-11,255.233
2019-04-12,255.233
2019-04-13,255.233
2019-04-14,255.233
2019-04-15,255.233
2019-04-16,255.233
2019-04-17,255.233
2019-04-18,255.233
2019-04-19,255.233
2019-04-20,255.233
2019-04-21,255.233
2019-04-22,255.233
2019-04-23,255.233
2019-04-24,255.233
2019-04-25,255.233
2019-04-26,255.233
2019-04-27,255.233
2019-04-28,255.233
2019-04-29,255.233
2019-04-30,255.233
2019-05-01,255.296
2019-05-02,255.296
2019-05-03,255.296
2019-05-04,255.296
2019-05-05,255.296
2019-05-06,255.296
2019-05-07,255.296
2019-05-08,255.296
2019-05-09,255.296
2019-05-10,255.296
2019-05-11,255.296
2019-05-12,255.296
2019-05-13,255.296
2019-05-14,255.296
2019-05-15,255.296
2019-05-16,255.296
2019-05-17,255.296
2019-05-18,255.296
2019-05-19,255.296
2019-05-20,255.296
2019-05-21,255.296
2019-05-22,255.296
2019-05-23,255.296
2019-05-24,255.296
2019-05-25,255.296
2019-05-26,255.296
2019-05-27,255.296
2019-05-28,255.296
2019-05-29,255.296
2019-05-30,255.296
2019-05-31,255.296
2019-06-01,255.213
2019-06-02,255.213
2019-06-03,255.213
2019-06-04,255.213
2019-06-05,255.213
2019-06-06,255.213
2019-06-07,255.213
2019-06-08,255.213
2019-06-09,255.213
2019-06-10,255.213
2019-06-11,255.213
2019-06-12,255.213
2019-06-13,255.213
2019-06-14,255.213
2019-06-15,255.213
2019-06-16,255.213
2019-06-17,255.213
2019-06-18,255.213
2019-06-19,255.213
2019-06-20,255.213
2019-06-21,255.213
2019-06-22,255.213
2019-06-23,255.213
2019-06-24,255.213
2019-06-25,255.213
2019-06-26,255.213
2019-06-27,255.213
2019-06-28,255.213
2019-06-29,255.213
2019-06-30,255.213
2019-07-01,255.802
2019-07-02,255.802
2019-07-03,255.802
2019-07-04,255.802
2019-07-05,255.802
2019-07-06,255.802
2019-07-07,255.802
2019-07-08,255.802
2019-07-09,255.802
2019-07-10,255.802
2019-07-11,255.802
2019-07-12,255.802
2019-07-13,255.802
2019-07-14,255.802
2019-07-15,255.802
2019-07-16,255.802
2019-07-17,255.802
2019-07-18,255.802
2019-07-19,255.802
2019-07-20,255.802
2019-07-21,255.802
2019-07-22,255.802
2019-07-23,255.802
2019-07-24,255.802
2019-07-25,255.802
2019-07-26,255.802
2019-07-27,255.802
2019-07-28,255.802
2019-07-29,255.802
2019-07-30,255.802
2019-07-31,255.802
2019-08-01,256.036
2019-08-02,256.036
2019-08-03,256.036
2019-08-04,256.036
2019-08-05,256.036
2019-08-06,256.036
2019-08-07,256.036
2019-08-08,256.036
2019-08-09,256.036
2019-08-10,256.036
2019-08-11,256.036
2019-08-12,256.036
2019-08-13,256.036
2019-08-14,256.036
2019-08-15,256.036
2019-08-16,256.036
2019-08-17,256.036
2019-08-18,256.036
2019-08-19,256.036
2019-08-20,256.036
2019-08-21,256.036
2019-08-22,256.036
2019-08-23,256.036
2019-08-24,256.036
2019-08-25,256.036
2019-08-26,256.036
2019-08-27,256.036
2019-08-28,256.036
2019-08-29,256.036
2019-08-30,256.036
2019-08-31,256.036
2019-09-01,256.43
2019-09-02,256.43
2019-09-03,256.43
2019-09-04,256.43
2019-09-05,256.43
2019-09-06,256.43
2019-09-07,256.43
2019-09-08,256.43
2019-09-09,256.43
2019-09-10,256.43
2019-09-11,256.43
2019-09-12,256.43
2019-09-13,256.43
2019-09-14,256.43
2019-09-15,256.43
2019-09-16,256.43
2019-09-17,256.43
2019-09-18,256.43
2019-09-19,256.43
2019-09-20,256.43
2019-09-21,256.43
2019-09-22,256.43
2019-09-23,256.43
2019-09-24,256.43
2019-09-25,256.43
2019-09-26,256.43
2019-09-27,256.43
2019-09-28,256.43
2019-09-29,256.43
2019-09-30,256.43
2019-10-01,257.155
2019-10-02,257.155
2019-10-03,257.155
2019-10-04,257.155
2019-10-05,257.155
2019-10-06,257.155
2019-10-07,257.155
2019-10-08,257.155
2019-10-09,257.155
2019-10-10,257.155
2019-10-11,257.155
2019-10-12,257.155
2019-10-13,257.155
2019-10-14,257.155
2019-10-15,257.155
2019-10-16,257.155
2019-10-17,257.155
2019-10-18,257.155
2019-10-19,257.155
2019-10-20,257.155
2019-10-21,257.155
2019-10-22,257.155
2019-10-23,257.155
2019-10-24,257.155
2019-10-25,257.155
2019-10-26,257.155
2019-10-27,257.155
2019-10-28,257.155
2019-10-29,257.155
2019-10-30,257.155
2019-10-31,257.155
2019-11-01,257.879
2019-11-02,257.879
2019-11-03,257.879
2019-11-04,257.879
2019-11-05,257.879
2019-11-06,257.879
2019-11-07,257.879
2019-11-08,257.879
2019-11-09,257.879
2019-11-10,257.879
2019-11-11,257.879
2019-11-12,257.879
2019-11-13,257.879
2019-11-14,257.879
2019-11-15,257.879
2019-11-16,257.879
2019-11-17,257.879
2019-11-18,257.879
2019-11-19,257.879
2019-11-20,257.879
2019-11-21,257.879
2019-11-22,257.879
2019-11-23,257.879
2019-11-24,257.879
2019-11-25,257.879
2019-11-26,257.879
2019-11-27,257.879
2019-11-28,257.879
2019-11-29,257.879
2019-11-30,257.879
2019-12-01,258.63
2019-12-02,258.63
2019-12-03,258.63
2019-12-04,258.63
2019-12-05,258.63
2019-12-06,258.63
2019-12-07,258.63
2019-12-08,258.63
2019-12-09,258.63
2019-12-10,258.63
2019-12-11,258.63
2019-12-12,258.63
2019-12-13,258.63
2019-12-14,258.63
2019-12-15,258.63
2019-12-16,258.63
2019-12-17,258.63
2019-12-18,258.63
2019-12-19,258.63
2019-12-20,258.63
2019-12-21,258.63
2019-12-22,258.63
2019-12-23,258.63
2019-12-24,258.63
2019-12-25,258.63
2019-12-26,258.63
2019-12-27,258.63
2019-12-28,258.63
2019-12-29,258.63
2019-12-30,258.63
2019-12-31,258.63
2020-01-01,259.127
2020-01-02,259.127
2020-01-03,259.127
2020-01-04,259.127
2020-01-05,259.127
2020-01-06,259.127
2020-01-07,259.127
2020-01-08,259.127
2020-01-09,259.127
2020-01-10,259.127
2020-01-11,259.127
2020-01-12,259.127
2020-01-13,259.127
2020-01-14,259.127
2020-01-15,259.127
2020-01-16,259.127
2020-01-17,259.127
2020-01-18,259.127
2020-01-19,259.127
2020-01-20,259.127
2020-01-21,259.127
2020-01-22,259.127
2020-01-23,259.127
2020-01-24,259.127
2020-01-25,259.127
2020-01-26,259.127
2020-01-27,259.127
2020-01-28,259.127
2020-01-29,259.127
2020-01-30,259.127
2020-01-31,259.127
2020-02-01,259.25
2020-02-02,259.25
2020-02-03,259.25
2020-02-04,259.25
2020-02-05,259.25
2020-02-06,259.25
2020-02-07,259.25
2020-02-08,259.25
2020-02-09,259.25
2020-02-10,259.25
2020-02-11,259.25
2020-02-12,259.25
2020-02-13,259.25
2020-02-14,259.25
2020-02-15,259.25
2020-02-16,259.25
2020-02-17,259.25
2020-02-18,259.25
2020-02-19,259.25
2020-02-20,259.25
2020-02-21,259.25
2020-02-22,259.25
2020-02-23,259.25
2020-02-24,259.25
2020-02-25,259.25
2020-02-26,259.25
2020-02-27,259.25
2020-02-28,259.25
2020-02-29,259.25
2020-03-01,258.076
2020-03-02,258.076
2020-03-03,258.076
2020-03-04,258.076
2020-03-05,258.076
2020-03-06,258.076
2020-03-07,258.076
2020-03-08,258.076
2020-03-09,258.076
2020-03-10,258.076
2020-03-11,258.076
2020-03-12,258.076
2020-03-13,258.076
2020-03-14,258.076
2020-03-15,258.076
2020-03-16,258.076
2020-03-17,258.076
2020-03-18,258.076
2020-03-19,258.076
2020-03-20,258.076
2020-03-21,258.076
2020-03-22,258.076
2020-03-23,258.076
2020-03-24,258.076
2020-03-25,258.076
2020-03-26,258.076
2020-03-27,258.076
2020-03-28,258.076
2020-03-29,258.076
2020-03-30,258.076
2020-03-31,258.076
2020-04-01,256.032
2020-04-02,256.032
2020-04-03,256.032
2020-04-04,256.032
2020-04-05,256.032
2020-04-06,256.032
2020-04-07,256.032
2020-04-08,256.032
2020-04-09,256.032
2020-04-10,256.032
2020-04-11,256.032
2020-04-12,256.032
2020-04-13,256.032
2020-04-14,256.032
2020-04-15,256.032
2020-04-16,256.032
2020-04-17,256.032
2020-04-18,256.032
2020-04-19,256.032
2020-04-20,256.032
2020-04-21,256.032
2020-04-22,256.032
2020-04-23,256.032
2020-04-24,256.032
2020-04-25,256.032
2020-04-26,256.032
2020-04-27,256.032
2020-04-28,256.032
2020-04-29,256.032
2020-04-30,256.032
2020-05-01,255.802
2020-05-02,255.802
2020-05-03,255.802
2020-05-04,255.802
2020-05-05,255.802
2020-05-06,255.802
2020-05-07,255.802
2020-05-08,255.802
2020-05-09,255.802
2020-05-10,255.802
2020-05-11,255.802
2020-05-12,255.802
2020-05-13,255.802
2020-05-14,255.802
2020-05-15,255.802
2020-05-16,255.802
2020-05-17,255.802
2020-05-18,255.802
2020-05-19,255.802
2020-05-20,255.802
2020-05-21,255.802
2020-05-22,255.802
2020-05-23,255.802
2020-05-24,255.802
2020-05-25,255.802
2020-05-26,255.802
2020-05-27,255.802
2020-05-28,255.802
2020-05-29,255.802
2020-05-30,255.802
2020-05-31,255.802
2020-06-01,257.042
2020-06-02,257.042
2020-06-03,257.042
2020-06-04,257.042
2020-06-05,257.042
2020-06-06,257.042
2020-06-07,257.042
2020-06-08,257.042
2020-06-09,257.042
2020-06-10,257.042
2020-06-11,257.042
2020-06-12,257.042
2020-06-13,257.042
2020-06-14,257.042
2020-06-15,257.042
2020-06-16,257.042
2020-06-17,257.042
2020-06-18,257.042
2020-06-19,257.042
2020-06-20,257.042
2020-06-21,257.042
2020-06-22,257.042
2020-06-23,257.042
2020-06-24,257.042
2020-06-25,257.042
2020-06-26,257.042
2020-06-27,257.042
2020-06-28,257.042
2020-06-29,257.042
2020-06-30,257.042
2020-07-01,258.352
2020-07-02,258.352
2020-07-03,258.352
2020-07-04,258.352
2020-07-05,258.352
2020-07-06,258.352
2020-07-07,258.352
2020-07-08,258.352
2020-07-09,258.352
2020-07-10,258.352
2020-07-11,258.352
2020-07-12,258.352
2020-07-13,258.352
2020-07-14,258.352
2020-07-15,258.352
2020-07-16,258.352
2020-07-17,258.352
2020-07-18,258.352
2020-07-19,258.352
2020-07-20,258.352
2020-07-21,258.352
2020-07-22,258.352
2020-07-23,258.352
2020-07-24,258.352
2020-07-25,258.352
2020-07-26,258.352
2020-07-27,258.352
2020-07-28,258.352
2020-07-29,258.352
2020-07-30,258.352
2020-07-31,258.352
2020-08-01,259.316
2020-08-02,259.316
2020-08-03,259.316
2020-08-04,259.316
2020-08-05,259.316
2020-08-06,259.316
2020-08-07,259.316
2020-08-08,259.316
2020-08-09,259.316
2020-08-10,259.316
2020-08-11,259.316
2020-08-12,259.316
2020-08-13,259.316
2020-08-14,259.316
2020-08-15,259.316
2020-08-16,259.316
2020-08-17,259.316
2020-08-18,259.316
2020-08-19,259.316
2020-08-20,259.316
2020-08-21,259.316
2020-08-22,259.316
2020-08-23,259.316
2020-08-24,259.316
2020-08-25,259.316
2020-08-26,259.316
2020-08-27,259.316
2020-08-28,259.316
2020-08-29,259.316
2020-08-30,259.316
2020-08-31,259.316
2020-09-01,259.997
2020-09-02,259.997
2020-09-03,259.997
2020-09-04,259.997
2020-09-05,259.997
2020-09-06,259.997
2020-09-07,259.997
2020-09-08,259.997
2020-09-09,259.997
2020-09-10,259.997
2020-09-11,259.997
2020-09-12,259.997
2020-09-13,259.997
2020-09-14,259.997
2020-09-15,259.997
2020-09-16,259.997
2020-09-17,259.997
2020-09-18,259.997
2020-09-19,259.997
2020-09-20,259.997
2020-09-21,259.997
2020-09-22,259.997
2020-09-23,259.997
2020-09-24,259.997
2020-09-25,259.997
2020-09-26,259.997
2020-09-27,259.997
2020-09-28,259.997
2020-09-29,259.997
2020-09-30,259.997
2020-10-01,260.319
2020-10-02,260.319
2020-10-03,260.319
2020-10-04,260.319
2020-10-05,260.319
2020-10-06,260.319
2020-10-07,260.319
2020-10-08,260.319
2020-10-09,260.319
2020-10-10,260.319
2020-10-11,260.319
2020-10-12,260.319
2020-10-13,260.319
2020-10-14,260.319
2020-10-15,260.319
2020-10-16,260.319
2020-10-17,260.319
2020-10-18,260.319
2020-10-19,260.319
2020-10-20,260.319
2020-10-21,260.319
2020-10-22,260.319
2020-10-23,260.319
2020-10-24,260.319
2020-10-25,260.319
2020-10-26,260.319
2020-10-27,260.319
2020-10-28,260.319
2020-10-29,260.319
2020-10-30,260.319
2020-10-31,260.319
2020-11-01,260.911
2020-11-02,260.911
2020-11-03,260.911
2020-11-04,260.911
2020-11-05,260.911
2020-11-06,260.911
2020-11-07,260.911
2020-11-08,260.911
2020-11-09,260.911
2020-11-10,260.911
2020-11-11,260.911
2020-11-12,260.911
2020-11-13,260.911
2020-11-14,260.911
2020-11-15,260.911
2020-11-16,260.911
2020-11-17,260.911
2020-11-18,260.911
2020-11-19,260.911
2020-11-20,260.911
2020-11-21,260.911
2020-11-22,260.911
2020-11-23,260.911
2020-11-24,260.911
2020-11-25,260.911
2020-11-26,260.911
2020-11-27,260.911
2020-11-28,260.911
2020-11-29,260.911
2020-11-30,260.911
2020-12-01,262.045
2020-12-02,262.045
2020-12-03,262.045
2020-12-04,262.045
2020-12-05,262.045
2020-12-06,262.045
2020-12-07,262.045
2020-12-08,262.045
2020-12-09,262.045
2020-12-10,262.045
2020-12-11,262.045
2020-12-12,262.045
2020-12-13,262.045
2020-12-14,262.045
2020-12-15,262.045
2020-12-16,262.045
2020-12-17,262.045
2020-12-18,262.045
2020-12-19,262.045
2020-12-20,262.045
2020-12-21,262.045
2020-12-22,262.045
2020-12-23,262.045
2020-12-24,262.045
2020-12-25,262.045
2020-12-26,262.045
2020-12-27,262.045
2020-12-28,262.045
2020-12-29,262.045
2020-12-30,262.045
2020-12-31,262.045
2021-01-01,262.639
2021-01-02,262.639
2021-01-03,262.639
2021-01-04,262.639
2021-01-05,262.639
2021-01-06,262.639
2021-01-07,262.639
2021-01-08,262.639
2021-01-09,262.639
2021-01-10,262.639
2021-01-11,262.639
2021-01-12,262.639
2021-01-13,262.639
2021-01-14,262.639
2021-01-15,262.639
2021-01-16,262.639
2021-01-17,262.639
2021-01-18,262.639
2021-01-19,262.639
2021-01-20,262.639
2021-01-21,262.639
2021-01-22,262.639
2021-01-23,262.639
2021-01-24,262.639
2021-01-25,262.639
2021-01-26,262.639
2021-01-27,262.639
2021-01-28,262.639
2021-01-29,262.639
2021-01-30,262.639
2021-01-31,262.639
2021-02-01,263.573
2021-02-02,263.573
2021-02-03,263.573
2021-02-04,263.573
2021-02-05,263.573
2021-02-06,263.573
2021-02-07,263.573
2021-02-08,263.573
2021-02-09,263.573
2021-02-10,263.573
2021-02-11,263.573
2021-02-12,263.573
2021-02-13,263.573
2021-02-14,263.573
2021-02-15,263.573
2021-02-16,263.573
2021-02-17,263.573
2021-02-18,263.573
2021-02-19,263.573
2021-02-20,263.573
2021-02-21,263.573
2021-02-22,263.573
2021-02-23,263.573
2021-02-24,263.573
2021-02-25,263.573
2021-02-26,263.573
2021-02-27,263.573
2021-02-28,263.573
2021-03-01,264.847
2021-03-02,264.847
2021-03-03,264.847
2021-03-04,264.847
2021-03-05,264.847
2021-03-06,264.847
2021-03-07,264.847
2021-03-08,264.847
2021-03-09,264.847
2021-03-10,264.847
2021-03-11,264.847
2021-03-12,264.847
2021-03-13,264.847
2021-03-14,264.847
2021-03-15,264.847
2021-03-16,264.847
2021-03-17,264.847
2021-03-18,264.847
2021-03-19,264.847
2021-03-20,264.847
2021-03-21,264.847
2021-03-22,264.847
2021-03-23,264.847
2021-03-24,264.847
2021-03-25,264.847
2021-03-26,264.847
2021-03-27,264.847
2021-03-28,264.847
2021-03-29,264.847
2021-03-30,264.847
2021-03-31,264.847
2021-04-01,266.625
2021-04-02,266.625
2021-04-03,266.625
2021-04-04,266.625
2021-04-05,266.625
2021-04-06,266.625
2021-04-07,266.625
2021-04-08,266.625
2021-04-09,266.625
2021-04-10,266.625
2021-04-11,266.625
2021-04-12,266.625
2021-04-13,266.625
2021-04-14,266.625
2021-04-15,266.625
2021-04-16,266.625
2021-04-17,266.625
2021-04-18,266.625
2021-04-19,266.625
2021-04-20,266.625
2021-04-21,266.625
2021-04-22,266.625
2021-04-23,266.625
2021-04-24,266.625
2021-04-25,266.625
2021-04-26,266.625
2021-04-27,266.625
2021-04-28,266.625
2021-04-29,266.625
2021-04-30,266.625
2021-05-01,268.404
2021-05-02,268.404
2021-05-03,268.404
2021-05-04,268.404
2021-05-05,268.404
2021-05-06,268.404
2021-05-07,268.404
2021-05-08,268.404
2021-05-09,268.404
2021-05-10,268.404
2021-05-11,268.404
2021-05-12,268.404
2021-05-13,268.404
2021-05-14,268.404
2021-05-15,268.404
2021-05-16,268.404
2021-05-17,268.404
2021-05-18,268.404
2021-05-19,268.404
2021-05-20,268.404
2021-05-21,268.404
2021-05-22,268.404
2021-05-23,268.404
2021-05-24,268.404
2021-05-25,268.404
2021-05-26,268.404
2021-05-27,268.404
2021-05-28,268.404
2021-05-29,268.404
2021-05-30,268.404
2021-05-31,268.404
2021-06-01,270.71
2021-06-02,270.71
2021-06-03,270.71
2021-06-04,270.71
2021-06-05,270.71
2021-06-06,270.71
2021-06-07,270.71
2021-06-08,270.71
2021-06-09,270.71
2021-06-10,270.71
2021-06-11,270.71
2021-06-12,270.71
2021-06-13,270.71
2021-06-14,270.71
2021-06-15,270.71
2021-06-16,270.71
2021-06-17,270.71
2021-06-18,270.71
2021-06-19,270.71
2021-06-20,270.71
2021-06-21,270.71
2021-06-22,270.71
2021-06-23,270.71
2021-06-24,270.71
2021-06-25,270.71
2021-06-26,270.71
2021-06-27,270.71
2021-06-28,270.71
2021-06-29,270.71
2021-06-30,270.71
2021-07-01,271.965
2021-07-02,271.965
2021-07-03,271.965
2021-07-04,271.965
2021-07-05,271.965
2021-07-06,271.965
2021-07-07,271.965
2021-07-08,271.965
2021-07-09,271.965
2021-07-10,271.965
2021-07-11,271.965
2021-07-12,271.965
2021-07-13,271.965
2021-07-14,271.965
2021-07-15,271.965
2021-07-16,271.965
2021-07-17,271.965
2021-07-18,271.965
2021-07-19,271.965
2021-07-20,271.965
2021-07-21,271.965
2021-07-22,271.965
2021-07-23,271.965
2021-07-24,271.965
2021-07-25,271.965
2021-07-26,271.965
2021-07-27,271.965
2021-07-28,271.965
2021-07-29,271.965
2021-07-30,271.965
2021-07-31,271.965
2021-08-01,272.752
2021-08-02,272.752
2021-08-03,272.752
2021-08-04,272.752
2021-08-05,272.752
2021-08-06,272.752
2021-08-07,272.752
2021-08-08,272.752
2021-08-09,272.752
2021-08-10,272.752
2021-08-11,272.752
2021-08-12,272.752
2021-08-13,272.752
2021-08-14,272.752
2021-08-15,272.752
2021-08-16,272.752
2021-08-17,272.752
2021-08-18,272.752
2021-08-19,272.752
2021-08-20,272.752
2021-08-21,272.752
2021-08-22,272.752
2021-08-23,272.752
2021-08-24,272.752
2021-08-25,272.752
2021-08-26,272.752
2021-08-27,272.752
2021-08-28,272.752
2021-08-29,272.752
2021-08-30,272.752
2021-08-31,272.752
2021-09-01,273.942
2021-09-02,273.942
2021-09-03,273.942
2021-09-04,273.942
2021-09-05,273.942
2021-09-06,273.942
2021-09-07,273.942
2021-09-08,273.942
2021-09-09,273.942
2021-09-10,273.942
2021-09-11,273.942
2021-09-12,273.942
2021-09-13,273.942
2021-09-14,273.942
2021-09-15,273.942
2021-09-16,273.942
2021-09-17,273.942
2021-09-18,273.942
2021-09-19,273.942
2021-09-20,273.942
2021-09-21,273.942
2021-09-22,273.942
2021-09-23,273.942
2021-09-24,273.942
2021-09-25,273.942
2021-09-26,273.942
2021-09-27,273.942
2021-09-28,273.942
2021-09-29,273.942
2021-09-30,273.942
2021-10-01,276.528
2021-10-02,276.528
2021-10-03,276.528
2021-10-04,276.528
2021-10-05,276.528
2021-10-06,276.528
2021-10-07,276.528
2021-10-08,276.528
2021-10-09,276.528
2021-10-10,276.528
2021-10-11,276.528
2021-10-12,276.528
2021-10-13,276.528
2021-10-14,276.528
2021-10-15,276.528
2021-10-16,276.528
2021-10-17,276.528
2021-10-18,276.528
2021-10-19,276.528
2021-10-20,276.528
2021-10-21,276.528
2021-10-22,276.528
2021-10-23,276.528
2021-10-24,276.528
2021-10-25,276.528
2021-10-26,276.528
2021-10-27,276.528
2021-10-28,276.528
2021-10-29,276.528
2021-10-30,276.528
2021-10-31,276.528
2021-11-01,278.824
2021-11-02,278.824
2021-11-03,278.824
2021-11-04,278.824
2021-11-05,278.824
2021-11-06,278.824
2021-11-07,278.824
2021-11-08,278.824
2021-11-09,278.824
2021-11-10,278.824
2021-11-11,278.824
2021-11-12,278.824
2021-11-13,278.824
2021-11-14,278.824
2021-11-15,278.824
2021-11-16,278.824
2021-11-17,278.824
2021-11-18,278.824
2021-11-19,278.824
2021-11-20,278.824
2021-11-21,278.824
2021-11-22,278.824
2021-11-23,278.824
2021-11-24,278.824
2021-11-25,278.824
2021-11-26,278.824
2021-11-27,278.824
2021-11-28,278.824
2021-11-29,278.824
2021-11-30,278.824
2021-12-01,280.806
2021-12-02,280.806
2021-12-03,280.806
2021-12-04,280.806
2021-12-05,280.806
2021-12-06,280.806
2021-12-07,280.806
2021-12-08,280.806
2021-12-09,280.806
2021-12-10,280.806
2021-12-11,280.806
2021-12-12,280.806
2021-12-13,280.806
2021-12-14,280.806
2021-12-15,280.806
2021-12-16,280.806
2021-12-17,280.806
2021-12-18,280.806
2021-12-19,280.806
2021-12-20,280.806
2021-12-21,280.806
2021-12-22,280.806
2021-12-23,280.806
2021-12-24,280.806
2021-12-25,280.806
2021-12-26,280.806
2021-12-27,280.806
2021-12-28,280.806
2021-12-29,280.806
2021-12-30,280.806
2021-12-31,280.806
2022-01-01,282.542
2022-01-02,282.542
2022-01-03,282.542
2022-01-04,282.542
2022-01-05,282.542
2022-01-06,282.542
2022-01-07,282.542
2022-01-08,282.542
2022-01-09,282.542
2022-01-10,282.542
2022-01-11,282.542
2022-01-12,282.542
2022-01-13,282.542
2022-01-14,282.542
2022-01-15,282.542
2022-01-16,282.542
2022-01-17,282.542
2022-01-18,282.542
2022-01-19,282.542
2022-01-20,282.542
2022-01-21,282.542
2022-01-22,282.542
2022-01-23,282.542
2022-01-24,282.542
2022-01-25,282.542
2022-01-26,282.542
2022-01-27,282.542
2022-01-28,282.542
2022-01-29,282.542
2022-01-30,282.542
2022-01-31,282.542
2022-02-01,284.525
2022-02-02,284.525
2022-02-03,284.525
2022-02-04,284.525
2022-02-05,284.525
2022-02-06,284.525
2022-02-07,284.525
2022-02-08,284.525
2022-02-09,284.525
2022-02-10,284.525
2022-02-11,284.525
2022-02-12,284.525
2022-02-13,284.525
2022-02-14,284.525
2022-02-15,284.525
2022-02-16,284.525
2022-02-17,284.525
2022-02-18,284.525
2022-02-19,284.525
2022-02-20,284.525
2022-02-21,284.525
2022-02-22,284.525
2022-02-23,284.525
2022-02-24,284.525
2022-02-25,284.525
2022-02-26,284.525
2022-02-27,284.525
2022-02-28,284.525
2022-03-01,287.467
2022-03-02,287.467
2022-03-03,287.467
2022-03-04,287.467
2022-03-05,287.467
2022-03-06,287.467
2022-03-07,287.467
2022-03-08,287.467
2022-03-09,287.467
2022-03-10,287.467
2022-03-11,287.467
2022-03-12,287.467
2022-03-13,287.467
2022-03-14,287.467
2022-03-15,287.467
2022-03-16,287.467
2022-03-17,287.467
2022-03-18,287.467
2022-03-19,287.467
2022-03-20,287.467
2022-03-21,287.467
2022-03-22,287.467
2022-03-23,287.467
2022-03-24,287.467
2022-03-25,287.467
2022-03-26,287.467
2022-03-27,287.467
2022-03-28,287.467
2022-03-29,287.467
2022-03-30,287.467
2022-03-31,287.467
2022-04-01,288.582
2022-04-02,288.582
2022-04-03,288.582
2022-04-04,288.582
2022-04-05,288.582
2022-04-06,288.582
2022-04-07,288.582
2022-04-08,288.582
2022-04-09,288.582
2022-04-10,288.582
2022-04-11,288.582
2022-04-12,288.582
2022-04-13,288.582
2022-04-14,288.582
2022-04-15,288.582
2022-04-16,288.582
2022-04-17,288.582
2022-04-18,288.582
2022-04-19,288.582
2022-04-20,288.582
2022-04-21,288.582
2022-04-22,288.582
2022-04-23,288.582
2022-04-24,288.582
2022-04-25,288.582
2022-04-26,288.582
2022-04-27,288.582
2022-04-28,288.582
2022-04-29,288.582
2022-04-30,288.582
2022-05-01,291.299
2022-05-02,291.299
2022-05-03,291.299
2022-05-04,291.299
2022-05-05,291.299
2022-05-06,291.299
2022-05-07,291.299
2022-05-08,291.299
2022-05-09,291.299
2022-05-10,291.299
2022-05-11,291.299
2022-05-12,291.299
2022-05-13,291.299
2022-05-14,291.299
2022-05-15,291.299
2022-05-16,291.299
2022-05-17,291.299
2022-05-18,291.299
2022-05-19,291.299
2022-05-20,291.299
2022-05-21,291.299
2022-05-22,291.299
2022-05-23,291.299
2022-05-24,291.299
2022-05-25,291.299
2022-05-26,291.299
2022-05-27,291.299
2022-05-28,291.299
2022-05-29,291.299
2022-05-30,291.299
2022-05-31,291.299
2022-06-01,295.072
2022-06-02,295.072
2022-06-03,295.072
2022-06-04,295.072
2022-06-05,295.072
2022-06-06,295.072
2022-06-07,295.072
2022-06-08,295.072
2022-06-09,295.072
2022-06-10,295.072
2022-06-11,295.072
2022-06-12,295.072
2022-06-13,295.072
2022-06-14,295.072
2022-06-15,295.072
2022-06-16,295.072
2022-06-17,295.072
2022-06-18,295.072
2022-06-19,295.072
2022-06-20,295.072
2022-06-21,295.072
2022-06-22,295.072
2022-06-23,295.072
2022-06-24,295.072
2022-06-25,295.072
2022-06-26,295.072
2022-06-27,295.072
2022-06-28,295.072
2022-06-29,295.072
2022-06-30,295.072
2022-07-01,294.94
2022-07-02,294.94
2022-07-03,294.94
2022-07-04,294.94
2022-07-05,294.94
2022-07-06,294.94
2022-07-07,294.94
2022-07-08,294.94
2022-07-09,294.94
2022-07-10,294.94
2022-07-11,294.94
2022-07-12,294.94
2022-07-13,294.94
2022-07-14,294.94
2022-07-15,294.94
2022-07-16,294.94
2022-07-17,294.94
2022-07-18,294.94
2022-07-19,294.94
2022-07-20,294.94
2022-07-21,294.94
2022-07-22,294.94
2022-07-23,294.94
2022-07-24,294.94
2022-07-25,294.94
2022-07-26,294.94
2022-07-27,294.94
2022-07-28,294.94
2022-07-29,294.94
2022-07-30,294.94
2022-07-31,294.94
2022-08-01,295.162
2022-08-02,295.162
2022-08-03,295.162
2022-08-04,295.162
2022-08-05,295.162
2022-08-06,295.162
2022-08-07,295.162
2022-08-08,295.162
2022-08-09,295.162
2022-08-10,295.162
2022-08-11,295.162
2022-08-12,295.162
2022-08-13,295.162
2022-08-14,295.162
2022-08-15,295.162
2022-08-16,295.162
2022-08-17,295.162
2022-08-18,295.162
2022-08-19,295.162
2022-08-20,295.162
2022-08-21,295.162
2022-08-22,295.162
2022-08-23,295.162
2022-08-24,295.162
2022-08-25,295.162
2022-08-26,295.162
2022-08-27,295.162
2022-08-28,295.162
2022-08-29,295.162
2022-08-30,295.162
2022-08-31,295.162
2022-09-01,296.421
2022-09-02,296.421
2022-09-03,296.421
2022-09-04,296.421
2022-09-05,296.421
2022-09-06,296.421
2022-09-07,296.421
2022-09-08,296.421
2022-09-09,296.421
2022-09-10,296.421
2022-09-11,296.421
2022-09-12,296.421
2022-09-13,296.421
2022-09-14,296.421
2022-09-15,296.421
2022-09-16,296.421
2022-09-17,296.421
2022-09-18,296.421
2022-09-19,296.421
2022-09-20,296.421
2022-09-21,296.421
2022-09-22,296.421
2022-09-23,296.421
2022-09-24,296.421
2022-09-25,296.421
2022-09-26,296.421
2022-09-27,296.421
2022-09-28,296.421
2022-09-29,296.421
2022-09-30,296.421
2022-10-01,297.979
2022-10-02,297.979
2022-10-03,297.979
2022-10-04,297.979
2022-10-05,297.979
2022-10-06,297.979
2022-10-07,297.979
2022-10-08,297.979
2022-10-09,297.979
2022-10-10,297.979
2022-10-11,297.979
2022-10-12,297.979
2022-10-13,297.979
2022-10-14,297.979
2022-10-15,297.979
2022-10-16,297.979
2022-10-17,297.979
2022-10-18,297.979
2022-10-19,297.979
2022-10-20,297.979
2022-10-21,297.979
2022-10-22,297.979
2022-10-23,297.979
2022-10-24,297.979
2022-10-25,297.979
2022-10-26,297.979
2022-10-27,297.979
2022-10-28,297.979
2022-10-29,297.979
2022-10-30,297.979
2022-10-31,297.979
2022-11-01,298.708
2022-11-02,298.708
2022-11-03,298.708
2022-11-04,298.708
2022-11-05,298.708
2022-11-06,298.708
2022-11-07,298.708
2022-11-08,298.708
2022-11-09,298.708
2022-11-10,298.708
2022-11-11,298.708
2022-11-12,298.708
2022-11-13,298.708
2022-11-14,298.708
2022-11-15,298.708
2022-11-16,298.708
2022-11-17,298.708
2022-11-18,298.708
2022-11-19,298.708
2022-11-20,298.708
2022-11-21,298.708
2022-11-22,298.708
2022-11-23,298.708
2022-11-24,298.708
2022-11-25,298.708
2022-11-26,298.708
2022-11-27,298.708
2022-11-28,298.708
2022-11-29,298.708
2022-11-30,298.708
2022-12-01,298.808
2022-12-02,298.808
2022-12-03,298.808
2022-12-04,298.808
2022-12-05,298.808
2022-12-06,298.808
2022-12-07,298.808
2022-12-08,298.808
2022-12-09,298.808
2022-12-10,298.808
2022-12-11,298.808
2022-12-12,298.808
2022-12-13,298.808
2022-12-14,298.808
2022-12-15,298.808
2022-12-16,298.808
2022-12-17,298.808
2022-12-18,298.808
2022-12-19,298.808
2022-12-20,298.808
2022-12-21,298.808
2022-12-22,298.808
2022-12-23,298.808
2022-12-24,298.808
2022-12-25,298.808
2022-12-26,298.808
2022-12-27,298.808
2022-12-28,298.808
2022-12-29,298.808
2022-12-30,298.808
2022-12-31,298.808
2023-01-01,300.456
2023-01-02,300.456
2023-01-03,300.456
2023-01-04,300.456
2023-01-05,300.456
2023-01-06,300.456
2023-01-07,300.456
2023-01-08,300.456
2023-01-09,300.456
2023-01-10,300.456
2023-01-11,300.456
2023-01-12,300.456
2023-01-13,300.456
2023-01-14,300.456
2023-01-15,300.456
2023-01-16,300.456
2023-01-17,300.456
2023-01-18,300.456
2023-01-19,300.456
2023-01-20,300.456
2023-01-21,300.456
2023-01-22,300.456
2023-01-23,300.456
2023-01-24,300.456
2023-01-25,300.456
2023-01-26,300.456
2023-01-27,300.456
2023-01-28,300.456
2023-01-29,300.456
2023-01-30,300.456
2023-01-31,300.456
2023-02-01,301.476
2023-02-02,301.476
2023-02-03,301.476
2023-02-04,301.476
2023-02-05,301.476
2023-02-06,301.476
2023-02-07,301.476
2023-02-08,301.476
2023-02-09,301.476
2023-02-10,301.476
2023-02-11,301.476
2023-02-12,301.476
2023-02-13,301.476
2023-02-14,301.476
2023-02-15,301.476
2023-02-16,301.476
2023-02-17,301.476
2023-02-18,301.476
2023-02-19,301.476
2023-02-20,301.476
2023-02-21,301.476
2023-02-22,301.476
2023-02-23,301.476
2023-02-24,301.476
2023-02-25,301.476
2023-02-26,301.476
2023-02-27,301.476
2023-02-28,301.476
2023-03-01,301.643
2023-03-02,301.643
2023-03-03,301.643
2023-03-04,301.643
2023-03-05,301.643
2023-03-06,301.643
2023-03-07,301.643
2023-03-08,301.643
2023-03-09,301.643
2023-03-10,301.643
2023-03-11,301.643
2023-03-12,301.643
2023-03-13,301.643
2023-03-14,301.643
2023-03-15,301.643
2023-03-16,301.643
2023-03-17,301.643
2023-03-18,301.643
2023-03-19,301.643
2023-03-20,301.643
2023-03-21,301.643
2023-03-22,301.643
2023-03-23,301.643
2023-03-24,301.643
2023-03-25,301.643
2023-03-26,301.643
2023-03-27,301.643
2023-03-28,301.643
2023-03-29,301.643
2023-03-30,301.643
2023-03-31,301.643
2023-04-01,302.858
2023-04-02,302.858
2023-04-03,302.858
2023-04-04,302.858
2023-04-05,302.858
2023-04-06,302.858
2023-04-07,302.858
2023-04-08,302.858
2023-04-09,302.858
2023-04-10,302.858
2023-04-11,302.858
2023-04-12,302.858
2023-04-13,302.858
2023-04-14,302.858
2023-04-15,302.858
2023-04-16,302.858
2023-04-17,302.858
2023-04-18,302.858
2023-04-19,302.858
2023-04-20,302.858
2023-04-21,302.858
2023-04-22,302.858
2023-04-23,302.858
2023-04-24,302.858
2023-04-25,302.858
2023-04-26,302.858
2023-04-27,302.858
2023-04-28,302.858
2023-04-29,302.858
2023-04-30,302.858
2023-05-01,303.316
2023-05-02,303.316
2023-05-03,303.316
2023-05-04,303.316
2023-05-05,303.316
2023-05-06,303.316
2023-05-07,303.316
2023-05-08,303.316
2023-05-09,303.316
2023-05-10,303.316
2023-05-11,303.316
2023-05-12,303.316
2023-05-13,303.316
2023-05-14,303.316
2023-05-15,303.316
2023-05-16,303.316
2023-05-17,303.316
2023-05-18,303.316
2023-05-19,303.316
2023-05-20,303.316
2023-05-21,303.316
2023-05-22,303.316
2023-05-23,303.316
2023-05-24,303.316
2023-05-25,303.316
2023-05-26,303.316
2023-05-27,303.316
2023-05-28,303.316
2023-05-29,303.316
2023-05-30,303.316
2023-05-31,303.316
2023-06-01,304.099
2023-06-02,304.099
2023-06-03,304.099
2023-06-04,304.099
2023-06-05,304.099
2023-06-06,304.099
2023-06-07,304.099
2023-06-08,304.099
2023-06-09,304.099
2023-06-10,304.099
2023-06-11,304.099
2023-06-12,304.099
2023-06-13,304.099
2023-06-14,304.099
2023-06-15,304.099
2023-06-16,304.099
2023-06-17,304.099
2023-06-18,304.099
2023-06-19,304.099
2023-06-20,304.099
2023-06-21,304.099
2023-06-22,304.099
2023-06-23,304.099
2023-06-24,304.099
2023-06-25,304.099
2023-06-26,304.099
2023-06-27,304.099
2023-06-28,304.099
2023-06-29,304.099
2023-06-30,304.099
2023-07-01,304.615
2023-07-02,304.615
2023-07-03,304.615
2023-07-04,304.615
2023-07-05,304.615
2023-07-06,304.615
2023-07-07,304.615
2023-07-08,304.615
2023-07-09,304.615
2023-07-10,304.615
2023-07-11,304.615
2023-07-12,304.615
2023-07-13,304.615
2023-07-14,304.615
2023-07-15,304.615
2023-07-16,304.615
2023-07-17,304.615
2023-07-18,304.615
2023-07-19,304.615
2023-07-20,304.615
2023-07-21,304.615
2023-07-22,304.615
2023-07-23,304.615
2023-07-24,304.615
2023-07-25,304.615
2023-07-26,304.615
2023-07-27,304.615
2023-07-28,304.615
2023-07-29,304.615
2023-07-30,304.615
2023-07-31,304.615
2023-08-01,306.138
2023-08-02,306.138
2023-08-03,306.138
2023-08-04,306.138
2023-08-05,306.138
2023-08-06,306.138
2023-08-07,306.138
2023-08-08,306.138
2023-08-09,306.138
2023-08-10,306.138
2023-08-11,306.138
2023-08-12,306.138
2023-08-13,306.138
2023-08-14,306.138
2023-08-15,306.138
2023-08-16,306.138
2023-08-17,306.138
2023-08-18,306.138
2023-08-19,306.138
2023-08-20,306.138
2023-08-21,306.138
2023-08-22,306.138
2023-08-23,306.138
2023-08-24,306.138
2023-08-25,306.138
2023-08-26,306.138
2023-08-27,306.138
2023-08-28,306.138
2023-08-29,306.138
2023-08-30,306.138
2023-08-31,306.138
2023-09-01,307.374
2023-09-02,307.374
2023-09-03,307.374
2023-09-04,307.374
2023-09-05,307.374
2023-09-06,307.374
2023-09-07,307.374
2023-09-08,307.374
2023-09-09,307.374
2023-09-10,307.374
2023-09-11,307.374
2023-09-12,307.374
2023-09-13,307.374
2023-09-14,307.374
2023-09-15,307.374
2023-09-16,307.374
2023-09-17,307.374
2023-09-18,307.374
2023-09-19,307.374
2023-09-20,307.374
2023-09-21,307.374
2023-09-22,307.374
2023-09-23,307.374
2023-09-24,307.374
2023-09-25,307.374
2023-09-26,307.374
2023-09-27,307.374
2023-09-28,307.374
2023-09-29,307.374
2023-09-30,307.374
2023-10-01,307.653
2023-10-02,307.653
2023-10-03,307.653
2023-10-04,307.653
2023-10-05,307.653
2023-10-06,307.653
2023-10-07,307.653
2023-10-08,307.653
2023-10-09,307.653
2023-10-10,307.653
2023-10-11,307.653
2023-10-12,307.653
2023-10-13,307.653
2023-10-14,307.653
2023-10-15,307.653
2023-10-16,307.653
2023-10-17,307.653
2023-10-18,307.653
2023-10-19,307.653
2023-10-20,307.653
2023-10-21,307.653
2023-10-22,307.653
2023-10-23,307.653
2023-10-24,307.653
2023-10-25,307.653
2023-10-26,307.653
2023-10-27,307.653
2023-10-28,307.653
2023-10-29,307.653
2023-10-30,307.653
2023-10-31,307.653
2023-11-01,308.087
2023-11-02,308.087
2023-11-03,308.087
2023-11-04,308.087
2023-11-05,308.087
2023-11-06,308.087
2023-11-07,308.087
2023-11-08,308.087
2023-11-09,308.087
2023-11-10,308.087
2023-11-11,308.087
2023-11-12,308.087
2023-11-13,308.087
2023-11-14,308.087
2023-11-15,308.087
2023-11-16,308.087
2023-11-17,308.087
2023-11-18,308.087
2023-11-19,308.087
2023-11-20,308.087
2023-11-21,308.087
2023-11-22,308.087
2023-11-23,308.087
2023-11-24,308.087
2023-11-25,308.087
2023-11-26,308.087
2023-11-27,308.087
2023-11-28,308.087
2023-11-29,308.087
2023-11-30,308.087
2023-12-01,308.735
2023-12-02,308.735
2023-12-03,308.735
2023-12-04,308.735
2023-12-05,308.735
2023-12-06,308.735
2023-12-07,308.735
2023-12-08,308.735
2023-12-09,308.735
2023-12-10,308.735
2023-12-11,308.735
2023-12-12,308.735
2023-12-13,308.735
2023-12-14,308.735
2023-12-15,308.735
2023-12-16,308.735
2023-12-17,308.735
2023-12-18,308.735
2023-12-19,308.735
2023-12-20,308.735
2023-12-21,308.735
2023-12-22,308.735
2023-12-23,308.735
2023-12-24,308.735
2023-12-25,308.735
2023-12-26,308.735
2023-12-27,308.735
2023-12-28,308.735
2023-12-29,308.735
2023-12-30,308.735
2023-12-31,308.735
2024-01-01,309.794
2024-01-02,309.794
2024-01-03,309.794
2024-01-04,309.794
2024-01-05,309.794
2024-01-06,309.794
2024-01-07,309.794
2024-01-08,309.794
2024-01-09,309.794
2024-01-10,309.794
2024-01-11,309.794
2024-01-12,309.794
2024-01-13,309.794
2024-01-14,309.794
2024-01-15,309.794
2024-01-16,309.794
2024-01-17,309.794
2024-01-18,309.794
2024-01-19,309.794
2024-01-20,309.794
2024-01-21,309.794
2024-01-22,309.794
2024-01-23,309.794
2024-01-24,309.794
2024-01-25,309.794
2024-01-26,309.794
2024-01-27,309.794
2024-01-28,309.794
2024-01-29,309.794
2024-01-30,309.794
2024-01-31,309.794
2024-02-01,311.022
2024-02-02,311.022
2024-02-03,311.022
2024-02-04,311.022
2024-02-05,311.022
2024-02-06,311.022
2024-02-07,311.022
2024-02-08,311.022
2024-02-09,311.022
2024-02-10,311.022
2024-02-11,311.022
2024-02-12,311.022
2024-02-13,311.022
2024-02-14,311.022
2024-02-15,311.022
2024-02-16,311.022
2024-02-17,311.022
2024-02-18,311.022
2024-02-19,311.022
2024-02-20,311.022
2024-02-21,311.022
2024-02-22,311.022
2024-02-23,311.022
2024-02-24,311.022
2024-02-25,311.022
2024-02-26,311.022
2024-02-27,311.022
2024-02-28,311.022
2024-02-29,311.022
2024-03-01,312.107
2024-03-02,312.107
2024-03-03,312.107
2024-03-04,312.107
2024-03-05,312.107
2024-03-06,312.107
2024-03-07,312.107
2024-03-08,312.107
2024-03-09,312.107
2024-03-10,312.107
2024-03-11,312.107
2024-03-12,312.107
2024-03-13,312.107
2024-03-14,312.107
2024-03-15,312.107
2024-03-16,312.107
2024-03-17,312.107
2024-03-18,312.107
2024-03-19,312.107
2024-03-20,312.107
2024-03-21,312.107
2024-03-22,312.107
2024-03-23,312.107
2024-03-24,312.107
2024-03-25,312.107
2024-03-26,312.107
2024-03-27,312.107
2024-03-28,312.107
2024-03-29,312.107
2024-03-30,312.107
2024-03-31,312.107
2024-04-01,313.016
2024-04-02,313.016
2024-04-03,313.016
2024-04-04,313.016
2024-04-05,313.016
2024-04-06,313.016
2024-04-07,313.016
2024-04-08,313.016
2024-04-09,313.016
2024-04-10,313.016
2024-04-11,313.016
2024-04-12,313.016
2024-04-13,313.016
2024-04-14,313.016
2024-04-15,313.016
2024-04-16,313.016
2024-04-17,313.016
2024-04-18,313.016
2024-04-19,313.016
2024-04-20,313.016
2024-04-21,313.016
2024-04-22,313.016
2024-04-23,313.016
2024-04-24,313.016
2024-04-25,313.016
2024-04-26,313.016
2024-04-27,313.016
2024-04-28,313.016
2024-04-29,313.016
2024-04-30,313.016
2024-05-01,313.14
2024-05-02,313.14
2024-05-03,313.14
2024-05-04,313.14
2024-05-05,313.14
2024-05-06,313.14
2024-05-07,313.14
2024-05-08,313.14
2024-05-09,313.14
2024-05-10,313.14
2024-05-11,313.14
2024-05-12,313.14
2024-05-13,313.14
2024-05-14,313.14
2024-05-15,313.14
2024-05-16,313.14
2024-05-17,313.14
2024-05-18,313.14
2024-05-19,313.14
2024-05-20,313.14
2024-05-21,313.14
2024-05-22,313.14
2024-05-23,313.14
2024-05-24,313.14
2024-05-25,313.14
2024-05-26,313.14
2024-05-27,313.14
2024-05-28,313.14
2024-05-29,313.14
2024-05-30,313.14
2024-05-31,313.14
2024-06-01,313.131
2024-06-02,313.131
2024-06-03,313.131
2024-06-04,313.131
2024-06-05,313.131
2024-06-06,313.131
2024-06-07,313.131
2024-06-08,313.131
2024-06-09,313.131
2024-06-10,313.131
2024-06-11,313.131
2024-06-12,313.131
2024-06-13,313.131
2024-06-14,313.131
2024-06-15,313.131
2024-06-16,313.131
2024-06-17,313.131
2024-06-18,313.131
2024-06-19,313.131
2024-06-20,313.131
2024-06-21,313.131
2024-06-22,313.131
2024-06-23,313.131
2024-06-24,313.131
2024-06-25,313.131
2024-06-26,313.131
2024-06-27,313.131
2024-06-28,313.131
2024-06-29,313.131
2024-06-30,313.131
2024-07-01,313.566
2024-07-02,313.566
2024-07-03,313.566
2024-07-04,313.566
2024-07-05,313.566
2024-07-06,313.566
2024-07-07,313.566
2024-07-08,313.566
2024-07-09,313.566
2024-07-10,313.566
2024-07-11,313.566
2024-07-12,313.566
2024-07-13,313.566
2024-07-14,313.566
2024-07-15,313.566
2024-07-16,313.566
2024-07-17,313.566
2024-07-18,313.566
2024-07-19,313.566
2024-07-20,313.566
2024-07-21,313.566
2024-07-22,313.566
2024-07-23,313.566
2024-07-24,313.566
2024-07-25,313.566
2024-07-26,313.566
2024-07-27,313.566
2024-07-28,313.566
2024-07-29,313.566
2024-07-30,313.566
2024-07-31,313.566
2024-08-01,314.131
2024-08-02,314.131
2024-08-03,314.131
2024-08-04,314.131
2024-08-05,314.131
2024-08-06,314.131
2024-08-07,314.131
2024-08-08,314.131
2024-08-09,314.131
2024-08-10,314.131
2024-08-11,314.131
2024-08-12,314.131
2024-08-13,314.131
2024-08-14,314.131
2024-08-15,314.131
2024-08-16,314.131
2024-08-17,314.131
2024-08-18,314.131
2024-08-19,314.131
2024-08-20,314.131
2024-08-21,314.131
2024-08-22,314.131
2024-08-23,314.131
2024-08-24,314.131
2024-08-25,314.131
2024-08-26,314.131
2024-08-27,314.131
2024-08-28,314.131
2024-08-29,314.131
2024-08-30,314.131
2024-08-31,314.131
2024-09-01,314.851
2024-09-02,314.851
2024-09-03,314.851
2024-09-04,314.851
2024-09-05,314.851
2024-09-06,314.851
2024-09-07,314.851
2024-09-08,314.851
2024-09-09,314.851
2024-09-10,314.851
2024-09-11,314.851
2024-09-12,314.851
2024-09-13,314.851
2024-09-14,314.851
2024-09-15,314.851
2024-09-16,314.851
2024-09-17,314.851
2024-09-18,314.851
2024-09-19,314.851
2024-09-20,314.851
2024-09-21,314.851
2024-09-22,314.851
2024-09-23,314.851
2024-09-24,314.851
2024-09-25,314.851
2024-09-26,314.851
2024-09-27,314.851
2024-09-28,314.851
2024-09-29,314.851
2024-09-30,314.851
2024-10-01,315.564
2024-10-02,315.564
2024-10-03,315.564
2024-10-04,315.564
2024-10-05,315.564
2024-10-06,315.564
2024-10-07,315.564
2024-10-08,315.564
2024-10-09,315.564
2024-10-10,315.564
2024-10-11,315.564
2024-10-12,315.564
2024-10-13,315.564
2024-10-14,315.564
2024-10-15,315.564
2024-10-16,315.564
2024-10-17,315.564
2024-10-18,315.564
2024-10-19,315.564
2024-10-20,315.564
2024-10-21,315.564
2024-10-22,315.564
2024-10-23,315.564
2024-10-24,315.564
2024-10-25,315.564
2024-10-26,315.564
2024-10-27,315.564
2024-10-28,315.564
2024-10-29,315.564
2024-10-30,315.564
2024-10-31,315.564
2024-11-01,316.449
2024-11-02,316.449
2024-11-03,316.449
2024-11-04,316.449
2024-11-05,316.449
2024-11-06,316.449
2024-11-07,316.449
2024-11-08,316.449
2024-11-09,316.449
2024-11-10,316.449
2024-11-11,316.449
2024-11-12,316.449
2024-11-13,316.449
2024-11-14,316.449
2024-11-15,316.449
2024-11-16,316.449
2024-11-17,316.449
2024-11-18,316.449
2024-11-19,316.449
2024-11-20,316.449
2024-11-21,316.449
2024-11-22,316.449
2024-11-23,316.449
2024-11-24,316.449
2024-11-25,316.449
2024-11-26,316.449
2024-11-27,316.449
2024-11-28,316.449
2024-11-29,316.449
2024-11-30,316.449
2024-12-01,317.603
2024-12-02,317.603
2024-12-03,317.603
2024-12-04,317.603
2024-12-05,317.603
2024-12-06,317.603
2024-12-07,317.603
2024-12-08,317.603
2024-12-09,317.603
2024-12-10,317.603
2024-12-11,317.603
2024-12-12,317.603
2024-12-13,317.603
2024-12-14,317.603
2024-12-15,317.603
2024-12-16,317.603
2024-12-17,317.603
2024-12-18,317.603
2024-12-19,317.603
2024-12-20,317.603
2024-12-21,317.603
2024-12-22,317.603
2024-12-23,317.603
2024-12-24,317.603
2024-12-25,317.603
2024-12-26,317.603
2024-12-27,317.603
2024-12-28,317.603
2024-12-29,317.603
2024-12-30,317.603
2024-12-31,317.603
2025-01-01,319.086
2025-01-02,319.086
2025-01-03,319.086
2025-01-04,319.086
2025-01-05,319.086
2025-01-06,319.086
2025-01-07,319.086
2025-01-08,319.086
2025-01-09,319.086
2025-01-10,319.086
2025-01-11,319.086
2025-01-12,319.086
2025-01-13,319.086
2025-01-14,319.086
2025-01-15,319.086
2025-01-16,319.086
2025-01-17,319.086
2025-01-18,319.086
2025-01-19,319.086
2025-01-20,319.086
2025-01-21,319.086
2025-01-22,319.086
2025-01-23,319.086
2025-01-24,319.086
2025-01-25,319.086
2025-01-26,319.086
2025-01-27,319.086
2025-01-28,319.086
2025-01-29,319.086
2025-01-30,319.086
2025-01-31,319.086
2025-02-01,319.775
2025-02-02,319.775
2025-02-03,319.775
2025-02-04,319.775
2025-02-05,319.775
2025-02-06,319.775
2025-02-07,319.775
2025-02-08,319.775
2025-02-09,319.775
2025-02-10,319.775
2025-02-11,319.775
2025-02-12,319.775
2025-02-13,319.775
2025-02-14,319.775
2025-02-15,319.775
2025-02-16,319.775
2025-02-17,319.775
2025-02-18,319.775
2025-02-19,319.775
2025-02-20,319.775
2025-02-21,319.775
2025-02-22,319.775
2025-02-23,319.775
2025-02-24,319.775
2025-02-25,319.775
2025-02-26,319.775
2025-02-27,319.775
2025-02-28,319.775
2025-03-01,319.615
2025-03-02,319.615
2025-03-03,319.615
2025-03-04,319.615
2025-03-05,319.615
2025-03-06,319.615
2025-03-07,319.615
2025-03-08,319.615
2025-03-09,319.615
2025-03-10,319.615
2025-03-11,319.615
2025-03-12,319.615
2025-03-13,319.615
2025-03-14,319.615
2025-03-15,319.615
2025-03-16,319.615
2025-03-17,319.615
2025-03-18,319.615
2025-03-19,319.615
2025-03-20,319.615
2025-03-21,319.615
2025-03-22,319.615
2025-03-23,319.615
2025-03-24,319.615
2025-03-25,319.615
2025-03-26,319.615
2025-03-27,319.615
2025-03-28,319.615
2025-03-29,319.615
2025-03-30,319.615
2025-03-31,319.615
2025-04-01,320.321
2025-04-02,320.321
2025-04-03,320.321
2025-04-04,320.321
2025-04-05,320.321
2025-04-06,320.321
2025-04-07,320.321
2025-04-08,320.321
2025-04-09,320.321
2025-04-10,320.321
2025-04-11,320.321
2025-04-12,320.321
2025-04-13,320.321
2025-04-14,320.321
2025-04-15,320.321
2025-04-16,320.321
2025-04-17,320.321
2025-04-18,320.321
2025-04-19,320.321
2025-04-20,320.321
2025-04-21,320.321
2025-04-22,320.321
2025-04-23,320.321
2025-04-24,320.321
2025-04-25,320.321
2025-04-26,320.321
2025-04-27,320.321
2025-04-28,320.321
2025-04-29,320.321
2025-04-30,320.321
2025-05-01,320.58
2025-05-02,320.58
2025-05-03,320.58
2025-05-04,320.58
2025-05-05,320.58
2025-05-06,320.58
2025-05-07,320.58
2025-05-08,320.58
2025-05-09,320.58
2025-05-10,320.58
2025-05-11,320.58
2025-05-12,320.58
2025-05-13,320.58
2025-05-14,320.58
2025-05-15,320.58
2025-05-16,320.58
2025-05-17,320.58
2025-05-18,320.58
2025-05-19,320.58
2025-05-20,320.58
2025-05-21,320.58
2025-05-22,320.58
2025-05-23,320.58
2025-05-24,320.58
2025-05-25,320.58
2025-05-26,320.58
2025-05-27,320.58
2025-05-28,320.58
2025-05-29,320.58
2025-05-30,320.58
2025-05-31,320.58
2025-06-01,321.5
2025-06-02,321.5
2025-06-03,321.5
2025-06-04,321.5
2025-06-05,321.5
2025-06-06,321.5
2025-06-07,321.5
2025-06-08,321.5
2025-06-09,321.5
2025-06-10,321.5
2025-06-11,321.5
2025-06-12,321.5
2025-06-13,321.5
2025-06-14,321.5
2025-06-15,321.5
2025-06-16,321.5
2025-06-17,321.5
2025-06-18,321.5
2025-06-19,321.5
2025-06-20,321.5
2025-06-21,321.5
2025-06-22,321.5
2025-06-23,321.5
2025-06-24,321.5
2025-06-25,321.5
2025-06-26,321.5
2025-06-27,321.5
2025-06-28,321.5
2025-06-29,321.5
2025-06-30,321.5
